{"reference_price": 0.56182, "top_price": 0.5814836999999999, "bot_price": 0.55198815}