{"reference_price": 0.41093, "top_price": 0.43183, "bot_price": 0.39654745}