{"reference_price": 318.34, "top_price": 329.48189999999994, "bot_price": 307.19809999999995}