{"reference_price": 117.17, "top_price": 121.27095, "bot_price": 114.24075}