{
    "ADA": {
        "bot_price": 0.10086263999999999,
        "cash": 0,
        "reference_price": 0.1061712,
        "top_price": 0.107232912
    },
    "DASH": {
        "bot_price": 200.788522316,
        "cash": 0,
        "reference_price": 211.35633928000001,
        "top_price": 218.63219235
    },
    "EOS": {
        "bot_price": 5.6616326312,
        "cash": 0,
        "reference_price": 6.221574319999999,
        "top_price": 6.7815160088
    },
    "IOTA": {
        "bot_price": 0.681061101812,
        "cash": 0,
        "reference_price": 0.7484187931999999,
        "top_price": 0.815776484588
    },
    "NEO": {
        "bot_price": 20.411194003200002,
        "cash": 0,
        "reference_price": 21.261660420000002,
        "top_price": 24.972351
    },
    "TRX": {
        "bot_price": 0.024745262599999998,
        "cash": 0,
        "reference_price": 0.025510579999999998,
        "top_price": 0.025765685799999997
    },
    "XLM": {
        "bot_price": 0.22933863959999998,
        "cash": 109.35123757049999,
        "reference_price": 0.23401902,
        "top_price": 0.2433797808
    },
    "XMR": {
        "bot_price": 93.4041292912,
        "cash": 0,
        "reference_price": 102.64190031999999,
        "top_price": 138.20462772
    }
}