{"reference_price": 539.15, "top_price": 558.0202499999999, "bot_price": 529.714875}