{
    "ADA": {
        "bot_price": 0.0430283781,
        "cash": 6.379337235305582,
        "reference_price": 0.0764014068,
        "stoploss_price": 0.05971489245,
        "top_price": 0.077165420868
    },
    "DASH": {
        "bot_price": 158.1763489,
        "cash": 21.2359499004136,
        "reference_price": 196.6146017,
        "stoploss_price": 177.3954753,
        "top_price": 206.445331785
    },
    "EOS": {
        "bot_price": 5.6616326312,
        "cash": 0,
        "reference_price": 6.221574319999999,
        "stoploss_price": 0,
        "top_price": 6.7815160088
    },
    "IOTA": {
        "bot_price": 0.30522849479999997,
        "cash": 34.8043165536,
        "reference_price": 0.5991570697999999,
        "stoploss_price": 0.45219278229999993,
        "top_price": 0.605148640498
    },
    "NEO": {
        "bot_price": 8.7211748,
        "cash": 11.745354898367246,
        "reference_price": 12.63842928,
        "stoploss_price": 10.67980204,
        "top_price": 12.764813572800001
    },
    "TRX": {
        "bot_price": 0.0135628221,
        "cash": 30.571433073160566,
        "reference_price": 0.0228785536,
        "stoploss_price": 0.01822068785,
        "top_price": 0.023107339136
    },
    "XLM": {
        "bot_price": 0.18214720850000002,
        "cash": 58.252911393249484,
        "reference_price": 0.2367411672,
        "stoploss_price": 0.20944418785000002,
        "top_price": 0.239108578872
    },
    "XMR": {
        "bot_price": 102.83126921099999,
        "cash": 0,
        "reference_price": 103.86996889999999,
        "stoploss_price": 107.627923325,
        "top_price": 111.38587775
    }
}