{"reference_price": 0.69754, "top_price": 0.7219539, "bot_price": 0.66248}