{"reference_price": 92.97, "top_price": 96.22394999999999, "bot_price": 91.80787500000001}