{
    "bch": {
        "bot_price": 383.13,
        "cash": 185.6935134,
        "reference_price": 387.0,
        "stoploss_price": 0,
        "top_price": 390.87
    },
    "btc": {
        "bot_price": 5336.6346,
        "cash": 429.9893064906,
        "reference_price": 5390.54,
        "stoploss_price": 0,
        "top_price": 5660.067
    },
    "eth": {
        "bot_price": 171.37890000000002,
        "cash": 277.32222,
        "reference_price": 173.11,
        "stoploss_price": 0,
        "top_price": 174.8411
    },
    "ltc": {
        "bot_price": 44.5203,
        "cash": 182.068906893741,
        "reference_price": 44.97,
        "stoploss_price": 0,
        "top_price": 45.4197
    },
    "xrp": {
        "bot_price": 0.34803449999999997,
        "cash": 252.5886751019495,
        "reference_price": 0.35155,
        "stoploss_price": 0,
        "top_price": 0.3550655
    }
}