{"XLM": {"reference_price": 0.00003844, "top_price": 0.000042284, "bot_price": 0.000034596, "btc":0}}