{
    "ADA": {
        "bot_price": 0.07392692993399999,
        "cash": 0,
        "reference_price": 0.0746736666,
        "stoploss_price": 0.07670234849999999,
        "top_price": 0.0787310304
    },
    "DASH": {
        "bot_price": 158.1763489,
        "cash": 21.2359499004136,
        "reference_price": 196.6146017,
        "stoploss_price": 177.3954753,
        "top_price": 206.445331785
    },
    "EOS": {
        "bot_price": 5.6616326312,
        "cash": 0,
        "reference_price": 6.221574319999999,
        "stoploss_price": 0,
        "top_price": 6.7815160088
    },
    "IOTA": {
        "bot_price": 0.49015883610000005,
        "cash": 34.8043165536,
        "reference_price": 0.5991570697999999,
        "stoploss_price": 0.54465795295,
        "top_price": 0.605148640498
    },
    "NEO": {
        "bot_price": 16.380112,
        "cash": 13.107023076417285,
        "reference_price": 16.938855,
        "stoploss_price": 16.6594835,
        "top_price": 17.10824355
    },
    "TRX": {
        "bot_price": 0.022043979999999998,
        "cash": 35.6033009717,
        "reference_price": 0.027336751200000002,
        "stoploss_price": 0.0246903656,
        "top_price": 0.027610118712000004
    },
    "XLM": {
        "bot_price": 0.23205424987800002,
        "cash": 0,
        "reference_price": 0.23439823220000003,
        "stoploss_price": 0,
        "top_price": 0.23674221452200003
    },
    "XMR": {
        "bot_price": 102.83126921099999,
        "cash": 0,
        "reference_price": 103.86996889999999,
        "stoploss_price": 107.627923325,
        "top_price": 111.38587775
    }
}