{"reference_price": 5473.5, "top_price": 5665.072499999999, "bot_price": 5405.08125}