{
    "bch": {
        "bot_price": 381.6747,
        "cash": 174.13780962599998,
        "reference_price": 385.53,
        "stoploss_price": 0,
        "top_price": 389.3853
    },
    "btc": {
        "bot_price": 5336.6346,
        "cash": 429.9893064906,
        "reference_price": 5390.54,
        "stoploss_price": 0,
        "top_price": 5660.067
    },
    "eth": {
        "bot_price": 174.3588,
        "cash": 250.8657189864,
        "reference_price": 176.12,
        "stoploss_price": 0,
        "top_price": 177.8812
    },
    "ltc": {
        "bot_price": 46.331999999999994,
        "cash": 0,
        "reference_price": 46.8,
        "stoploss_price": 0,
        "top_price": 47.268
    },
    "xrp": {
        "bot_price": 0.3829617,
        "cash": 293.1354671754121,
        "reference_price": 0.38683,
        "stoploss_price": 0,
        "top_price": 0.3906983
    }
}