{"reference_price": 0.55292, "top_price": 0.705, "bot_price": 0.5335677999999999}