{
    "bch": {
        "bot_price": 381.6747,
        "cash": 174.13780962599998,
        "reference_price": 385.53,
        "stoploss_price": 0,
        "top_price": 389.3853
    },
    "btc": {
        "bot_price": 5336.6346,
        "cash": 429.9893064906,
        "reference_price": 5390.54,
        "stoploss_price": 0,
        "top_price": 5660.067
    },
    "eth": {
        "bot_price": 174.3588,
        "cash": 250.8657189864,
        "reference_price": 176.12,
        "stoploss_price": 0,
        "top_price": 177.8812
    },
    "ltc": {
        "bot_price": 45.1539,
        "cash": 165.24351405130798,
        "reference_price": 45.61,
        "stoploss_price": 0,
        "top_price": 46.0661
    },
    "xrp": {
        "bot_price": 0.3925647,
        "cash": 0,
        "reference_price": 0.39653,
        "stoploss_price": 0,
        "top_price": 0.4004953
    }
}