{"reference_price": 6069.9, "top_price": 6282.346499999999, "bot_price": 5918.152499999999}