{"reference_price": 0.48776, "top_price": 0.512148, "bot_price": 0.48288240000000004}