{
    "ADA": {
        "bot_price": 0.096004381382,
        "cash": 0,
        "reference_price": 0.1054993202,
        "top_price": 0.114994259018
    },
    "DASH": {
        "bot_price": 169.6120101494,
        "cash": 0,
        "reference_price": 186.38682433999998,
        "top_price": 203.1616385306
    },
    "EOS": {
        "bot_price": 5.6616326312,
        "cash": 0,
        "reference_price": 6.221574319999999,
        "top_price": 6.7815160088
    },
    "IOTA": {
        "bot_price": 0.681061101812,
        "cash": 0,
        "reference_price": 0.7484187931999999,
        "top_price": 0.815776484588
    },
    "NEO": {
        "bot_price": 17.4973646211,
        "cash": 0,
        "reference_price": 19.22787321,
        "top_price": 20.9583817989
    },
    "TRX": {
        "bot_price": 0.02337665057,
        "cash": 0,
        "reference_price": 0.025688627,
        "top_price": 0.02800060343
    },
    "XLM": {
        "bot_price": 0.206803300522,
        "cash": 0,
        "reference_price": 0.22725637419999997,
        "top_price": 0.24770944787799998
    },
    "XMR": {
        "bot_price": 93.4041292912,
        "cash": 0,
        "reference_price": 102.64190031999999,
        "top_price": 111.8796713488
    }
}