{"reference_price": 0.75639, "top_price": 0.769626825, "bot_price": 0.72991635}