{
    "ADA": {
        "bot_price": 0.07603336720000001,
        "cash": 49.42176369,
        "reference_price": 0.0775268559,
        "stoploss_price": 0,
        "top_price": 0.07830212445899999
    },
    "DASH": {
        "bot_price": 158.1763489,
        "cash": 21.2359499004136,
        "reference_price": 196.6146017,
        "stoploss_price": 177.3954753,
        "top_price": 206.445331785
    },
    "EOS": {
        "bot_price": 5.6616326312,
        "cash": 0,
        "reference_price": 6.221574319999999,
        "stoploss_price": 0,
        "top_price": 6.7815160088
    },
    "IOTA": {
        "bot_price": 0.49015883610000005,
        "cash": 34.8043165536,
        "reference_price": 0.5991570697999999,
        "stoploss_price": 0.54465795295,
        "top_price": 0.605148640498
    },
    "NEO": {
        "bot_price": 16.6526910396,
        "cash": 12.6170207020032,
        "reference_price": 16.82090004,
        "stoploss_price": 0,
        "top_price": 16.989109040400002
    },
    "TRX": {
        "bot_price": 0.0245757764,
        "cash": 33.890047092299994,
        "reference_price": 0.025039273299999998,
        "stoploss_price": 0,
        "top_price": 0.025289666032999997
    },
    "XLM": {
        "bot_price": 0.2390373104,
        "cash": 105.89368922759999,
        "reference_price": 0.24265173850000005,
        "stoploss_price": 0,
        "top_price": 0.24507825588500004
    },
    "XMR": {
        "bot_price": 102.83126921099999,
        "cash": 0,
        "reference_price": 103.86996889999999,
        "stoploss_price": 107.627923325,
        "top_price": 111.38587775
    }
}