{
    "bch": {
        "bot_price": 569.73,
        "cash": 250.48,
        "reference_price": 869.19,
        "top_price": 912.6495000000001
    },
    "btc": {
        "bot_price": 5056.45,
        "cash": 505.21,
        "reference_price": 6432.5,
        "top_price": 6625.475
    },
    "eth": {
        "bot_price": 355.96,
        "cash": 512.51,
        "reference_price": 419.37,
        "top_price": 431.9511
    },
    "ltc": {
        "bot_price": 63.63,
        "cash": 328.24,
        "reference_price": 122.1,
        "top_price": 126.37349999999998
    },
    "xrp": {
        "bot_price": 0.38884,
        "cash": 247.08,
        "reference_price": 0.39277,
        "top_price": 0.4124085
    }
}