{
    "bch": {
        "bot_price": 448.99965000000003,
        "cash": 201.82,
        "reference_price": 453.535,
        "stoploss_price": 0,
        "top_price": 458.07035
    },
    "btc": {
        "bot_price": 5425.45,
        "cash": 0,
        "reference_price": 5711,
        "stoploss_price": 0,
        "top_price": 5781.49
    },
    "eth": {
        "bot_price": 197.01989999999998,
        "cash": 0,
        "reference_price": 199.01,
        "stoploss_price": 0,
        "top_price": 201.0001
    },
    "ltc": {
        "bot_price": 49.450500000000005,
        "cash": 0,
        "reference_price": 49.95,
        "stoploss_price": 50.735,
        "top_price": 51.52
    },
    "xrp": {
        "bot_price": 0.413622,
        "cash": 277.66491206136203,
        "reference_price": 0.4178,
        "stoploss_price": 0,
        "top_price": 0.421978
    }
}