{
    "bch": {
        "bot_price": 396.48,
        "cash": 0.0,
        "reference_price": 413,
        "top_price": 432.31
    },
    "btc": {
        "bot_price": 5372.73,
        "cash": 454.58,
        "reference_price": 5427,
        "top_price": 5698.35
    },
    "eth": {
        "bot_price": 172.58239999999998,
        "cash": 0,
        "reference_price": 177.92,
        "top_price": 211.82
    },
    "ltc": {
        "bot_price": 44.612,
        "cash": 0,
        "reference_price": 46.96,
        "top_price": 52.8
    },
    "xrp": {
        "bot_price": 0.43092949999999997,
        "cash": 0,
        "reference_price": 0.45361,
        "top_price": 0.4581461
    }
}