{"reference_price": 0.5348, "top_price": 0.5401480000000001, "bot_price": 0.5080600000000001}