{
    "ADA": {
        "bot_price": 0.0761149044,
        "cash": 51.31034961287511,
        "reference_price": 0.0857821733,
        "top_price": 0.090071281965
    },
    "DASH": {
        "bot_price": 184.84865616,
        "cash": 21.2359499004136,
        "reference_price": 196.6146017,
        "top_price": 206.445331785
    },
    "EOS": {
        "bot_price": 5.6616326312,
        "cash": 0,
        "reference_price": 6.221574319999999,
        "top_price": 6.7815160088
    },
    "IOTA": {
        "bot_price": 0.5315261628000001,
        "cash": 36.81095994727895,
        "reference_price": 0.5546937124,
        "top_price": 0.576881460896
    },
    "NEO": {
        "bot_price": 17.274440520000002,
        "cash": 14.35784675868189,
        "reference_price": 18.59831937,
        "top_price": 19.3422521448
    },
    "TRX": {
        "bot_price": 0.020386779600000002,
        "cash": 33.8401346601369,
        "reference_price": 0.0225252957,
        "top_price": 0.023201054571
    },
    "XLM": {
        "bot_price": 0.237151894752,
        "cash": 0,
        "reference_price": 0.2470332237,
        "top_price": 0.251973888174
    },
    "XMR": {
        "bot_price": 111.91647875999999,
        "cash": 91.12324878282695,
        "reference_price": 118.52026531,
        "top_price": 124.4462785755
    }
}