{
    "bch": {
        "bot_price": 536.256,
        "cash": 0,
        "reference_price": 558.6,
        "top_price": 569.772
    },
    "btc": {
        "bot_price": 5482.5758000000005,
        "cash": 0,
        "reference_price": 5652.14,
        "top_price": 6355.09
    },
    "eth": {
        "bot_price": 228.84,
        "cash": 490.07376436,
        "reference_price": 380.26,
        "top_price": 391.6678
    },
    "ltc": {
        "bot_price": 47.4903,
        "cash": 0,
        "reference_price": 47.97,
        "top_price": 59.09
    },
    "xrp": {
        "bot_price": 0.28312,
        "cash": 226.9389056214,
        "reference_price": 0.2877,
        "top_price": 0.30208500000000005
    }
}