{"reference_price": 0.52429, "top_price": 0.57044, "bot_price": 0.4980755}