{
    "bch": {
        "bot_price": 569.73,
        "cash": 250.48,
        "reference_price": 869.19,
        "top_price": 912.6495000000001
    },
    "btc": {
        "bot_price": 5241.4435,
        "cash": 0,
        "reference_price": 5403.55,
        "top_price": 5460.26
    },
    "eth": {
        "bot_price": 366.49,
        "cash": 493.97643945,
        "reference_price": 387.27,
        "top_price": 398.8881
    },
    "ltc": {
        "bot_price": 63.63,
        "cash": 328.24,
        "reference_price": 122.1,
        "top_price": 126.37349999999998
    },
    "xrp": {
        "bot_price": 0.371,
        "cash": 232.49412167553,
        "reference_price": 0.39897,
        "top_price": 0.4189185
    }
}