{"reference_price": 119.63, "top_price": 123.81704999999998, "bot_price": 118.134625}