{
    "ADA": {
        "bot_price": 0.08626508,
        "cash": 0,
        "reference_price": 0.08759679499999999,
        "stoploss_price": 0,
        "top_price": 0.08847276294999999
    },
    "DASH": {
        "bot_price": 176.36226815999999,
        "cash": 21.2359499004136,
        "reference_price": 196.6146017,
        "stoploss_price": 0,
        "top_price": 206.445331785
    },
    "EOS": {
        "bot_price": 5.6616326312,
        "cash": 0,
        "reference_price": 6.221574319999999,
        "stoploss_price": 0,
        "top_price": 6.7815160088
    },
    "IOTA": {
        "bot_price": 0.58657095585,
        "cash": 0,
        "reference_price": 0.592495915,
        "stoploss_price": 0.5991570697999999,
        "top_price": 0.6058182246
    },
    "NEO": {
        "bot_price": 17.5941216,
        "cash": 0,
        "reference_price": 18.32721,
        "stoploss_price": 18.5104821,
        "top_price": 18.6937542
    },
    "TRX": {
        "bot_price": 0.025720020000000003,
        "cash": 0,
        "reference_price": 0.027336751200000002,
        "stoploss_price": 0,
        "top_price": 0.027610118712000004
    },
    "XLM": {
        "bot_price": 0.23642695295999994,
        "cash": 0,
        "reference_price": 0.24627807599999996,
        "stoploss_price": 0.24874085675999996,
        "top_price": 0.25120363751999997
    },
    "XMR": {
        "bot_price": 109.91882194499999,
        "cash": 0,
        "reference_price": 115.7040231,
        "stoploss_price": 116.861063331,
        "top_price": 118.01810356200001
    }
}