{"reference_price": 550.57, "top_price": 594.6156000000001, "bot_price": 501.0187000000001}