{
    "bch": {
        "bot_price": 431.0,
        "cash": 217.87301776,
        "reference_price": 677.23,
        "top_price": 711.0915
    },
    "btc": {
        "bot_price": 5482.5758000000005,
        "cash": 0,
        "reference_price": 5652.14,
        "top_price": 6083.78
    },
    "eth": {
        "bot_price": 228.84,
        "cash": 490.07376436,
        "reference_price": 380.26,
        "top_price": 391.6678
    },
    "ltc": {
        "bot_price": 47.4903,
        "cash": 0,
        "reference_price": 47.97,
        "top_price": 53.93
    },
    "xrp": {
        "bot_price": 0.2666555,
        "cash": 0,
        "reference_price": 0.28069,
        "top_price": 0.30072
    }
}