{"reference_price": 0.39, "top_price": 0.40365, "bot_price": 0.38317500000000004}