{"reference_price": 338.01, "top_price": 343.925175, "bot_price": 326.17965}