{
    "bch": {
        "bot_price": 380.21,
        "cash": 185.6935134,
        "reference_price": 387.0,
        "stoploss_price": 0,
        "top_price": 390.87
    },
    "btc": {
        "bot_price": 5336.6346,
        "cash": 429.9893064906,
        "reference_price": 5390.54,
        "stoploss_price": 0,
        "top_price": 5660.067
    },
    "eth": {
        "bot_price": 168.39405000000002,
        "cash": 0,
        "reference_price": 170.09500000000003,
        "stoploss_price": 0,
        "top_price": 171.84
    },
    "ltc": {
        "bot_price": 45.4311,
        "cash": 0,
        "reference_price": 45.89,
        "stoploss_price": 0,
        "top_price": 46.3489
    },
    "xrp": {
        "bot_price": 0.3568158,
        "cash": 300.5530413771623,
        "reference_price": 0.36042,
        "stoploss_price": 0,
        "top_price": 0.3640242
    }
}