{"reference_price": 0.43834, "top_price": 0.460257, "bot_price": 0.40701}