{"reference_price": 0.55301, "top_price": 0.5806605, "bot_price": 0.5032391}