{"reference_price": 0.4735, "top_price": 0.497175, "bot_price": 0.44889}