{
	"XLM": {"reference_price": 3.838e-05, "top_price": 4.183420000000001e-05, "bot_price": 3.4925800000000004e-05, "btc": 0},
	"ADA": {"reference_price": 2.935e-05, "top_price": 3.19915e-05, "bot_price": 2.67085e-05, "btc": 0},
	"TRX": {"reference_price": 8.8e-06, "top_price": 9.592e-06, "bot_price": 8.008e-06, "btc": 0}
}