{"reference_price": 0.55292, "top_price": 0.769626825, "bot_price": 0.5335}