{
    "bch": {
        "bot_price": 569.73,
        "cash": 250.48,
        "reference_price": 869.19,
        "top_price": 912.6495000000001
    },
    "btc": {
        "bot_price": 5056.45,
        "cash": 505.21,
        "reference_price": 6432.5,
        "top_price": 6625.475
    },
    "eth": {
        "bot_price": 389.746,
        "cash": 0,
        "reference_price": 401.8,
        "top_price": 413.85400000000004
    },
    "ltc": {
        "bot_price": 63.63,
        "cash": 328.24,
        "reference_price": 122.1,
        "top_price": 126.37349999999998
    },
    "xrp": {
        "bot_price": 0.4028,
        "cash": 0,
        "reference_price": 0.424,
        "top_price": 0.43544
    }
}