{
    "ADA": {
        "bot_price": 0.0696250368,
        "cash": 0,
        "reference_price": 0.07032832,
        "stoploss_price": 0.0726577032,
        "top_price": 0.0749870864
    },
    "DASH": {
        "bot_price": 158.1763489,
        "cash": 21.2359499004136,
        "reference_price": 196.6146017,
        "stoploss_price": 177.3954753,
        "top_price": 206.445331785
    },
    "EOS": {
        "bot_price": 5.6616326312,
        "cash": 0,
        "reference_price": 6.221574319999999,
        "stoploss_price": 0,
        "top_price": 6.7815160088
    },
    "IOTA": {
        "bot_price": 0.323357680592,
        "cash": 0,
        "reference_price": 0.3333584336,
        "stoploss_price": 0,
        "top_price": 0.340025602272
    },
    "NEO": {
        "bot_price": 8.868015974699999,
        "cash": 0,
        "reference_price": 9.14228451,
        "stoploss_price": 9.909795899999999,
        "top_price": 10.67730729
    },
    "TRX": {
        "bot_price": 0.025071022841,
        "cash": 0,
        "reference_price": 0.0258464153,
        "stoploss_price": 0,
        "top_price": 0.026363343606
    },
    "XLM": {
        "bot_price": 0.10527883344,
        "cash": 0,
        "reference_price": 0.106342256,
        "stoploss_price": 0.1101538892,
        "top_price": 0.11396552239999999
    },
    "XMR": {
        "bot_price": 102.83126921099999,
        "cash": 0,
        "reference_price": 103.86996889999999,
        "stoploss_price": 107.627923325,
        "top_price": 111.38587775
    }
}