{
    "bch": {
        "bot_price": 688.75,
        "cash": 0,
        "reference_price": 725.0,
        "top_price": 783.0
    },
    "btc": {
        "bot_price": 5241.4435,
        "cash": 0,
        "reference_price": 5403.55,
        "top_price": 7072.96
    },
    "eth": {
        "bot_price": 380.43,
        "cash": 512.5887102,
        "reference_price": 410.9,
        "top_price": 423.227
    },
    "ltc": {
        "bot_price": 63.63,
        "cash": 328.24,
        "reference_price": 122.1,
        "top_price": 126.37349999999998
    },
    "xrp": {
        "bot_price": 0.37452,
        "cash": 250.181211488,
        "reference_price": 0.416,
        "top_price": 0.4368
    }
}