{"reference_price": 367.19, "top_price": 380.04164999999995, "bot_price": 349.748475}