{
    "bch": {
        "bot_price": 569.73,
        "cash": 250.48,
        "reference_price": 869.19,
        "top_price": 912.6495000000001
    },
    "btc": {
        "bot_price": 5241.4435,
        "cash": 0,
        "reference_price": 5403.55,
        "top_price": 5526.51
    },
    "eth": {
        "bot_price": 384.1,
        "cash": 0,
        "reference_price": 395.98,
        "top_price": 407.8594
    },
    "ltc": {
        "bot_price": 63.63,
        "cash": 328.24,
        "reference_price": 122.1,
        "top_price": 126.37349999999998
    },
    "xrp": {
        "bot_price": 0.3672605,
        "cash": 0,
        "reference_price": 0.38659,
        "top_price": 0.3943218
    }
}