{
    "bch": {
        "bot_price": 145.306,
        "cash": 0,
        "reference_price": 149.8,
        "stoploss_price": 156.095,
        "top_price": 162.39
    },
    "btc": {
        "bot_price": 3685.1639999999998,
        "cash": 0,
        "reference_price": 3879.12,
        "stoploss_price": 4054.7799999999997,
        "top_price": 4230.44
    },
    "eth": {
        "bot_price": 132.7887,
        "cash": 0,
        "reference_price": 134.13,
        "stoploss_price": 0,
        "top_price": 136.8126
    },
    "ltc": {
        "bot_price": 39.9502125,
        "cash": 0,
        "reference_price": 40.35375,
        "stoploss_price": 49.556875,
        "top_price": 58.76
    },
    "xrp": {
        "bot_price": 0.26330165,
        "cash": 0,
        "reference_price": 0.271445,
        "stoploss_price": 0.2817275,
        "top_price": 0.29201
    }
}