{"reference_price": 574.93, "top_price": 595.0525499999999, "bot_price": 564.8687249999999}