{"reference_price": 323.19, "top_price": 334.50165, "bot_price": 307.838475}