{
    "bch": {
        "bot_price": 431.0,
        "cash": 217.87301776,
        "reference_price": 677.23,
        "top_price": 711.0915
    },
    "btc": {
        "bot_price": 5533.5008,
        "cash": 0,
        "reference_price": 5704.64,
        "top_price": 5761.6864000000005
    },
    "eth": {
        "bot_price": 231.53,
        "cash": 490.07376436,
        "reference_price": 380.26,
        "top_price": 391.6678
    },
    "ltc": {
        "bot_price": 46.492799999999995,
        "cash": 274.07613915147897,
        "reference_price": 48.43,
        "top_price": 48.9143
    },
    "xrp": {
        "bot_price": 0.2821616,
        "cash": 221.40938964696002,
        "reference_price": 0.28792,
        "top_price": 0.30231600000000003
    }
}