{"reference_price": 0.39277, "top_price": 0.4124085, "bot_price": 0.38884230000000003}