{"reference_price": 0.39488, "top_price": 0.4087008, "bot_price": 0.38237}