{"reference_price": 0.44558, "top_price": 0.46117529999999995, "bot_price": 0.3742}