{
    "ADA": {
        "bot_price": 0.08043268802999999,
        "cash": 0,
        "reference_price": 0.08466598739999999,
        "top_price": 0.09090911
    },
    "DASH": {
        "bot_price": 198.36655785,
        "cash": 0,
        "reference_price": 208.806903,
        "top_price": 212.98304106
    },
    "EOS": {
        "bot_price": 5.6616326312,
        "cash": 0,
        "reference_price": 6.221574319999999,
        "top_price": 6.7815160088
    },
    "IOTA": {
        "bot_price": 0.5630805976319999,
        "cash": 0,
        "reference_price": 0.5865422892,
        "top_price": 0.62376184
    },
    "NEO": {
        "bot_price": 18.90370368,
        "cash": 0,
        "reference_price": 19.691358,
        "top_price": 20.08518516
    },
    "TRX": {
        "bot_price": 0.018627540112,
        "cash": 0,
        "reference_price": 0.0192036496,
        "top_price": 0.0258583822
    },
    "XLM": {
        "bot_price": 0.201777849504,
        "cash": 0,
        "reference_price": 0.2101852599,
        "top_price": 0.27239038000000004
    },
    "XMR": {
        "bot_price": 105.60819407599999,
        "cash": 0,
        "reference_price": 111.16652008,
        "top_price": 127.084062
    }
}