{"reference_price": 0.467, "top_price": 0.47167000000000003, "bot_price": 0.44365}