{"reference_price": 6830.81, "top_price": 7069.88835, "bot_price": 6660.03975}